Purchase Date,Purchase Cost,Source,Sale Date,Sale Price,Profit,month,year,turnover
1/1/2016,$101.76 ,Third Party,2/12/2016,$151.76 ,$127.05 ,1,2016,48.5120707
1/2/2016,$70.17 ,Third Party,2/13/2016,$120.17 ,$63.14 ,1,2016,42.90757963
1/3/2016,$29.37 ,Third Party,2/14/2016,$79.37 ,$78.01 ,1,2016,54.74676075
1/4/2016,$38.13 ,Third Party,2/15/2016,$88.13 ,$67.65 ,1,2016,55.10705328
1/5/2016,$92.66 ,Third Party,2/16/2016,$142.66 ,$83.47 ,1,2016,52.61740758
1/6/2016,$82.36 ,Third Party,2/17/2016,$132.36 ,$50.85 ,1,2016,48.4171245
1/7/2016,$36.72 ,Third Party,2/18/2016,$86.72 ,$62.95 ,1,2016,45.22887441
1/8/2016,$54.67 ,Third Party,2/19/2016,$104.67 ,$97.21 ,1,2016,61.14715626
1/9/2016,$50.89 ,Third Party,2/20/2016,$100.89 ,$75.15 ,1,2016,44.29124701
1/10/2016,$103.63 ,Third Party,2/21/2016,$153.63 ,$95.41 ,1,2016,60.21695495
1/11/2016,$67.08 ,Third Party,2/22/2016,$117.08 ,$56.74 ,1,2016,57.72055022
1/12/2016,$96.62 ,Third Party,2/23/2016,$146.62 ,$136.36 ,1,2016,59.06249426
1/13/2016,$82.56 ,Third Party,2/24/2016,$132.56 ,$74.74 ,1,2016,44.5704177
1/14/2016,$49.49 ,Third Party,2/25/2016,$99.49 ,$60.47 ,1,2016,44.96520591
1/15/2016,$103.74 ,Third Party,2/26/2016,$153.74 ,$111.14 ,1,2016,61.68460375
1/16/2016,$58.55 ,Third Party,2/27/2016,$108.55 ,$106.65 ,1,2016,53.85157343
1/17/2016,$85.46 ,Third Party,2/28/2016,$135.46 ,$95.53 ,1,2016,44.53550051
1/18/2016,$84.49 ,Third Party,2/29/2016,$134.49 ,$102.28 ,1,2016,50.86068366
1/19/2016,$69.54 ,Third Party,3/1/2016,$119.54 ,$96.54 ,1,2016,49.11101143
1/20/2016,$118.01 ,Third Party,3/2/2016,$168.01 ,$139.17 ,1,2016,51.39090551
1/21/2016,$95.83 ,Third Party,3/3/2016,$145.83 ,$93.49 ,1,2016,48.2860026
1/22/2016,$29.61 ,Third Party,3/4/2016,$79.61 ,$63.14 ,1,2016,57.68879716
1/23/2016,$120.28 ,Third Party,3/5/2016,$170.28 ,$111.08 ,1,2016,51.5736039
1/24/2016,$112.67 ,Third Party,3/6/2016,$162.67 ,$152.44 ,1,2016,49.66054397
1/25/2016,$64.76 ,Third Party,3/7/2016,$114.76 ,$89.59 ,1,2016,59.98433937
1/26/2016,$114.71 ,Third Party,3/8/2016,$164.71 ,$162.61 ,1,2016,44.99354353
1/27/2016,$59.50 ,Third Party,3/9/2016,$109.50 ,$78.02 ,1,2016,48.33753793
1/28/2016,$79.47 ,Third Party,3/10/2016,$129.47 ,$97.62 ,1,2016,44.24828597
1/29/2016,$58.42 ,Thrift Store,3/11/2016,$108.42 ,$56.04 ,1,2016,58.81730802
1/30/2016,$84.92 ,Thrift Store,3/12/2016,$134.92 ,$77.50 ,1,2016,42.60051839
1/31/2016,$114.77 ,Thrift Store,3/13/2016,$164.77 ,$58.04 ,1,2016,53.62421731
2/1/2016,$82.77 ,Thrift Store,3/14/2016,$132.77 ,$90.12 ,2,2016,61.86367224
2/2/2016,$81.37 ,Thrift Store,3/15/2016,$131.37 ,$60.71 ,2,2016,46.64747897
2/3/2016,$46.31 ,Thrift Store,3/16/2016,$96.31 ,$75.96 ,2,2016,42.76668611
2/4/2016,$45.05 ,Thrift Store,3/17/2016,$95.05 ,$66.45 ,2,2016,48.00743339
2/5/2016,$66.56 ,Thrift Store,3/18/2016,$116.56 ,$90.93 ,2,2016,42.99869588
2/6/2016,$33.28 ,Thrift Store,3/19/2016,$83.28 ,$67.00 ,2,2016,60.5281058
2/7/2016,$103.79 ,Thrift Store,3/20/2016,$153.79 ,$123.87 ,2,2016,54.17385494
2/8/2016,$26.83 ,Thrift Store,3/21/2016,$76.83 ,$72.93 ,2,2016,53.05898121
2/9/2016,$30.28 ,Thrift Store,3/22/2016,$80.28 ,$55.00 ,2,2016,57.9381508
2/10/2016,$29.15 ,Thrift Store,3/23/2016,$79.15 ,$57.20 ,2,2016,56.32657267
2/11/2016,$77.95 ,Thrift Store,3/24/2016,$127.95 ,$51.62 ,2,2016,53.21317068
2/12/2016,$104.71 ,Thrift Store,3/25/2016,$154.71 ,$116.02 ,2,2016,43.73373148
2/13/2016,$79.47 ,Thrift Store,3/26/2016,$129.47 ,$62.80 ,2,2016,51.92205074
2/14/2016,$49.02 ,Thrift Store,3/27/2016,$99.02 ,$63.56 ,2,2016,43.55479968
2/15/2016,$38.23 ,Thrift Store,3/28/2016,$88.23 ,$61.96 ,2,2016,47.12158591
2/16/2016,$43.37 ,Thrift Store,3/29/2016,$93.37 ,$68.24 ,2,2016,43.83538484
2/17/2016,$113.79 ,Thrift Store,3/30/2016,$163.79 ,$89.57 ,2,2016,46.50160271
2/18/2016,$32.57 ,Furniture Store,3/31/2016,$82.57 ,$60.58 ,2,2016,45.06403602
2/19/2016,$53.48 ,Furniture Store,4/1/2016,$103.48 ,$72.20 ,2,2016,51.94684939
2/20/2016,$58.29 ,Furniture Store,4/2/2016,$108.29 ,$66.05 ,2,2016,55.60989577
2/21/2016,$42.32 ,Furniture Store,4/3/2016,$92.32 ,$84.82 ,2,2016,51.30519552
2/22/2016,$48.48 ,Furniture Store,4/4/2016,$98.48 ,$77.52 ,2,2016,53.68702596
2/23/2016,$88.80 ,Furniture Store,4/5/2016,$138.80 ,$117.34 ,2,2016,43.14718553
2/24/2016,$84.31 ,Furniture Store,4/6/2016,$134.31 ,$101.13 ,2,2016,44.76214022
2/25/2016,$45.30 ,Furniture Store,4/7/2016,$95.30 ,$82.38 ,2,2016,56.51840198
2/26/2016,$82.08 ,Furniture Store,4/8/2016,$132.08 ,$124.05 ,2,2016,47.96372854
2/27/2016,$98.65 ,Furniture Store,4/9/2016,$148.65 ,$148.03 ,2,2016,53.83266266
2/28/2016,$28.54 ,Furniture Store,4/10/2016,$78.54 ,$77.08 ,2,2016,61.66681479
2/29/2016,$42.13 ,Furniture Store,4/11/2016,$92.13 ,$72.47 ,2,2016,60.49050942
3/1/2016,$63.11 ,Furniture Store,4/12/2016,$113.11 ,$94.67 ,3,2016,53.46107735
3/2/2016,$34.49 ,Furniture Store,4/13/2016,$84.49 ,$59.94 ,3,2016,59.48105774
3/3/2016,$89.08 ,Furniture Store,4/14/2016,$139.08 ,$126.32 ,3,2016,60.94568366
3/4/2016,$91.78 ,Furniture Store,4/15/2016,$141.78 ,$67.48 ,3,2016,46.77776208
3/5/2016,$32.41 ,Furniture Store,4/16/2016,$82.41 ,$68.93 ,3,2016,43.52054842
3/6/2016,$68.16 ,Furniture Store,4/17/2016,$118.16 ,$65.00 ,3,2016,45.04276119
3/7/2016,$123.87 ,Furniture Store,4/18/2016,$173.87 ,$78.83 ,3,2016,43.90089677
3/8/2016,$76.05 ,Furniture Store,4/19/2016,$126.05 ,$75.41 ,3,2016,61.14262624
3/9/2016,$124.99 ,Furniture Store,4/20/2016,$174.99 ,$131.12 ,3,2016,46.31491318
3/10/2016,$123.52 ,Furniture Store,4/21/2016,$173.52 ,$153.40 ,3,2016,53.11160067
3/11/2016,$111.90 ,Furniture Store,4/22/2016,$161.90 ,$115.53 ,3,2016,52.13421912
3/12/2016,$55.63 ,Furniture Store,4/23/2016,$105.63 ,$88.05 ,3,2016,56.58413465
3/13/2016,$110.95 ,Furniture Store,4/24/2016,$160.95 ,$77.51 ,3,2016,55.69685239
3/14/2016,$34.96 ,Furniture Store,4/25/2016,$84.96 ,$56.43 ,3,2016,46.01007471
3/15/2016,$73.71 ,Furniture Store,4/26/2016,$123.71 ,$108.37 ,3,2016,56.02104797
3/16/2016,$26.82 ,Furniture Store,4/27/2016,$76.82 ,$54.71 ,3,2016,61.20117262
3/17/2016,$100.06 ,Furniture Store,4/28/2016,$150.06 ,$90.50 ,3,2016,59.55870764
3/18/2016,$117.57 ,Furniture Store,4/29/2016,$167.57 ,$63.49 ,3,2016,42.04414326
3/19/2016,$61.40 ,Online,4/30/2016,$111.40 ,$62.76 ,3,2016,45.88663418
3/20/2016,$68.15 ,Online,5/1/2016,$118.15 ,$86.78 ,3,2016,42.84589109
3/21/2016,$36.62 ,Online,5/2/2016,$86.62 ,$78.41 ,3,2016,48.35369724
3/22/2016,$47.23 ,Online,5/3/2016,$97.23 ,$85.74 ,3,2016,52.91935384
3/23/2016,$120.85 ,Online,5/4/2016,$170.85 ,$97.61 ,3,2016,52.45017503
3/24/2016,$107.41 ,Online,5/5/2016,$157.41 ,$68.48 ,3,2016,55.95503082
3/25/2016,$55.42 ,Online,5/6/2016,$105.42 ,$104.67 ,3,2016,46.19144968
3/26/2016,$110.02 ,Online,5/7/2016,$160.02 ,$99.78 ,3,2016,48.75036671
3/27/2016,$66.92 ,Online,5/8/2016,$116.92 ,$87.50 ,3,2016,49.1085616
3/28/2016,$36.82 ,Online,5/9/2016,$86.82 ,$80.60 ,3,2016,59.95076068
3/29/2016,$50.33 ,Online,5/10/2016,$100.33 ,$56.84 ,3,2016,42.25323015
3/30/2016,$59.40 ,Online,5/11/2016,$109.40 ,$60.60 ,3,2016,61.89689414
3/31/2016,$102.74 ,Online,5/12/2016,$152.74 ,$56.34 ,3,2016,42.66773432
4/1/2016,$54.86 ,Online,5/13/2016,$104.86 ,$80.50 ,4,2016,55.02802888
4/2/2016,$57.83 ,Online,5/14/2016,$107.83 ,$52.90 ,4,2016,61.53965578
4/3/2016,$82.80 ,Online,5/15/2016,$132.80 ,$112.34 ,4,2016,61.37739739
4/4/2016,$107.67 ,Online,5/16/2016,$157.67 ,$55.93 ,4,2016,48.53720197
4/5/2016,$71.21 ,Online,5/17/2016,$121.21 ,$91.28 ,4,2016,46.19632427
4/6/2016,$34.26 ,Online,5/18/2016,$84.26 ,$72.79 ,4,2016,54.79082195
4/7/2016,$94.66 ,Online,5/19/2016,$144.66 ,$88.98 ,4,2016,61.14301205
4/8/2016,$107.05 ,Online,5/20/2016,$157.05 ,$52.37 ,4,2016,56.15564091
4/9/2016,$56.82 ,Online,5/21/2016,$106.82 ,$76.07 ,4,2016,48.57683776
4/10/2016,$41.19 ,Online,5/22/2016,$91.19 ,$52.58 ,4,2016,44.2764583
4/11/2016,$67.91 ,Online,5/23/2016,$117.91 ,$79.43 ,4,2016,49.83782237
4/12/2016,$27.60 ,Online,5/24/2016,$77.60 ,$52.08 ,4,2016,60.57842258
4/13/2016,$86.90 ,Online,5/25/2016,$136.90 ,$126.26 ,4,2016,57.48241286
4/14/2016,$54.82 ,Online,5/26/2016,$104.82 ,$60.46 ,4,2016,46.2466019
4/15/2016,$111.72 ,Online,5/27/2016,$161.72 ,$90.27 ,4,2016,48.11908659
4/16/2016,$58.66 ,Online,5/28/2016,$108.66 ,$66.15 ,4,2016,52.32648664
4/17/2016,$32.38 ,Online,5/29/2016,$82.38 ,$60.24 ,4,2016,48.83590578
4/18/2016,$67.74 ,Online,5/30/2016,$117.74 ,$54.04 ,4,2016,56.29980276
4/19/2016,$62.41 ,Online,5/31/2016,$112.41 ,$89.11 ,4,2016,47.61957677
4/20/2016,$96.24 ,Online,6/1/2016,$146.24 ,$73.14 ,4,2016,60.74433081
4/21/2016,$106.82 ,Online,6/2/2016,$156.82 ,$123.94 ,4,2016,50.1007774
4/22/2016,$104.66 ,Online,6/3/2016,$154.66 ,$82.91 ,4,2016,43.39631473
4/23/2016,$122.98 ,Online,6/4/2016,$172.98 ,$138.15 ,4,2016,60.27945346
4/24/2016,$53.94 ,Online,6/5/2016,$103.94 ,$82.00 ,4,2016,55.18891917
4/25/2016,$84.54 ,Online,6/6/2016,$134.54 ,$128.33 ,4,2016,55.37731077
4/26/2016,$91.06 ,Online,6/7/2016,$141.06 ,$107.70 ,4,2016,42.35748258
4/27/2016,$114.63 ,Online,6/8/2016,$164.63 ,$85.39 ,4,2016,49.9018416
4/28/2016,$124.83 ,Online,6/9/2016,$174.83 ,$119.22 ,4,2016,59.05583856
4/29/2016,$82.42 ,Online,6/10/2016,$132.42 ,$105.40 ,4,2016,45.48150493
4/30/2016,$86.32 ,Online,6/11/2016,$136.32 ,$96.51 ,4,2016,43.17117533
5/1/2016,$62.85 ,Online,6/12/2016,$112.85 ,$57.94 ,5,2016,50.1249297
5/2/2016,$119.59 ,Online,6/13/2016,$169.59 ,$155.15 ,5,2016,60.68477669
5/3/2016,$91.19 ,Online,6/14/2016,$141.19 ,$103.05 ,5,2016,56.49660372
5/4/2016,$31.95 ,Online,6/15/2016,$81.95 ,$79.49 ,5,2016,43.67219803
5/5/2016,$118.95 ,Online,6/16/2016,$168.95 ,$133.85 ,5,2016,61.07962053
5/6/2016,$116.23 ,Online,6/17/2016,$166.23 ,$100.83 ,5,2016,48.70455722
5/7/2016,$100.02 ,Online,6/18/2016,$150.02 ,$85.24 ,5,2016,47.44681976
5/8/2016,$34.40 ,Online,6/19/2016,$84.40 ,$62.48 ,5,2016,43.22598093
5/9/2016,$118.14 ,Online,6/20/2016,$168.14 ,$51.46 ,5,2016,51.48391355
5/10/2016,$26.96 ,Online,6/21/2016,$76.96 ,$64.84 ,5,2016,58.84108623
5/11/2016,$108.59 ,Online,6/22/2016,$158.59 ,$68.18 ,5,2016,54.15857127
5/12/2016,$99.74 ,Online,6/23/2016,$149.74 ,$99.44 ,5,2016,43.02519461
5/13/2016,$25.83 ,Online,6/24/2016,$75.83 ,$58.29 ,5,2016,50.38296548
5/14/2016,$29.61 ,Online,6/25/2016,$79.61 ,$60.48 ,5,2016,57.7978915
5/15/2016,$74.79 ,Online,6/26/2016,$124.79 ,$74.62 ,5,2016,47.86500273
5/16/2016,$104.43 ,Online,6/27/2016,$154.43 ,$98.04 ,5,2016,54.22136004
5/17/2016,$66.57 ,Online,6/28/2016,$116.57 ,$58.40 ,5,2016,49.00699177
5/18/2016,$115.27 ,Online,6/29/2016,$165.27 ,$74.06 ,5,2016,55.78650879
5/19/2016,$55.64 ,Online,6/30/2016,$105.64 ,$96.23 ,5,2016,42.97031393
5/20/2016,$119.63 ,Online,7/1/2016,$169.63 ,$160.80 ,5,2016,50.72202811
5/21/2016,$25.99 ,Online,7/2/2016,$75.99 ,$71.80 ,5,2016,55.59560968
5/22/2016,$40.13 ,Online,7/3/2016,$90.13 ,$58.64 ,5,2016,52.49070804
5/23/2016,$60.74 ,Online,7/4/2016,$110.74 ,$102.35 ,5,2016,53.58088996
5/24/2016,$31.24 ,Online,7/5/2016,$81.24 ,$74.18 ,5,2016,57.97045905
5/25/2016,$70.92 ,Online,7/6/2016,$120.92 ,$63.66 ,5,2016,49.75314402
5/26/2016,$105.09 ,Online,7/7/2016,$155.09 ,$78.58 ,5,2016,60.77072006
5/27/2016,$47.34 ,Online,7/8/2016,$97.34 ,$72.28 ,5,2016,56.61441131
5/28/2016,$45.17 ,Online,7/9/2016,$95.17 ,$92.00 ,5,2016,51.82033232
5/29/2016,$63.05 ,Online,7/10/2016,$113.05 ,$105.16 ,5,2016,51.20453711
5/30/2016,$49.94 ,Online,7/11/2016,$99.94 ,$53.71 ,5,2016,61.46240934
5/31/2016,$58.72 ,Online,7/12/2016,$108.72 ,$89.94 ,5,2016,59.77810069
6/1/2016,$77.67 ,Online,7/13/2016,$127.67 ,$127.36 ,6,2016,48.77923164
6/2/2016,$108.44 ,Online,7/14/2016,$158.44 ,$57.37 ,6,2016,45.47711085
6/3/2016,$51.35 ,Online,7/15/2016,$101.35 ,$50.80 ,6,2016,54.53421169
6/4/2016,$38.20 ,Online,7/16/2016,$88.20 ,$54.05 ,6,2016,56.23932401
6/5/2016,$75.65 ,Furniture Store,7/17/2016,$125.65 ,$105.82 ,6,2016,53.37384818
6/6/2016,$32.11 ,Furniture Store,7/18/2016,$82.11 ,$80.78 ,6,2016,52.36801188
6/7/2016,$31.65 ,Furniture Store,7/19/2016,$81.65 ,$56.36 ,6,2016,59.13701556
6/8/2016,$75.96 ,Furniture Store,7/20/2016,$125.96 ,$90.52 ,6,2016,42.28632269
6/9/2016,$90.48 ,Furniture Store,7/21/2016,$140.48 ,$107.23 ,6,2016,55.41234361
6/10/2016,$93.34 ,Furniture Store,7/22/2016,$143.34 ,$77.21 ,6,2016,50.66543162
6/11/2016,$82.56 ,Furniture Store,7/23/2016,$132.56 ,$91.36 ,6,2016,46.72155265
6/12/2016,$66.40 ,Furniture Store,7/24/2016,$116.40 ,$111.15 ,6,2016,45.69197532
6/13/2016,$92.05 ,Furniture Store,7/25/2016,$142.05 ,$85.17 ,6,2016,60.31575965
6/14/2016,$62.67 ,Furniture Store,7/26/2016,$112.67 ,$89.46 ,6,2016,54.70644834
6/15/2016,$105.76 ,Furniture Store,7/27/2016,$155.76 ,$120.47 ,6,2016,44.25759283
6/16/2016,$90.71 ,Furniture Store,7/28/2016,$140.71 ,$73.74 ,6,2016,53.44450773
6/17/2016,$78.40 ,Furniture Store,7/29/2016,$128.40 ,$98.52 ,6,2016,57.09732212
6/18/2016,$99.32 ,Furniture Store,7/30/2016,$149.32 ,$56.48 ,6,2016,60.39535075
6/19/2016,$77.06 ,Furniture Store,7/31/2016,$127.06 ,$55.24 ,6,2016,58.81717601
6/20/2016,$83.32 ,Furniture Store,8/1/2016,$133.32 ,$110.33 ,6,2016,43.70251304
6/21/2016,$109.17 ,Furniture Store,8/2/2016,$159.17 ,$91.08 ,6,2016,44.60807176
6/22/2016,$111.62 ,Furniture Store,8/3/2016,$161.62 ,$156.37 ,6,2016,56.17529733
6/23/2016,$105.55 ,Furniture Store,8/4/2016,$155.55 ,$53.88 ,6,2016,52.25144024
6/24/2016,$85.57 ,Furniture Store,8/5/2016,$135.57 ,$74.34 ,6,2016,45.33870982
6/25/2016,$53.59 ,Furniture Store,8/6/2016,$103.59 ,$75.64 ,6,2016,58.9090522
6/26/2016,$104.97 ,Furniture Store,8/7/2016,$154.97 ,$112.27 ,6,2016,58.10219694
6/27/2016,$57.38 ,Furniture Store,8/8/2016,$107.38 ,$95.34 ,6,2016,57.36120071
6/28/2016,$35.17 ,Furniture Store,8/9/2016,$85.17 ,$55.68 ,6,2016,52.85886161
6/29/2016,$80.66 ,Furniture Store,8/10/2016,$130.66 ,$104.65 ,6,2016,61.33921833
6/30/2016,$67.52 ,Furniture Store,8/11/2016,$117.52 ,$69.40 ,6,2016,59.67759458
7/1/2016,$26.13 ,Furniture Store,8/12/2016,$76.13 ,$74.10 ,7,2016,54.97148013
7/2/2016,$114.46 ,Furniture Store,8/13/2016,$164.46 ,$139.19 ,7,2016,60.99254556
7/3/2016,$79.97 ,Furniture Store,8/14/2016,$129.97 ,$51.43 ,7,2016,61.28374896
7/4/2016,$79.64 ,Furniture Store,8/15/2016,$129.64 ,$96.56 ,7,2016,45.04001535
7/5/2016,$108.23 ,Furniture Store,8/16/2016,$158.23 ,$96.66 ,7,2016,58.09889474
7/6/2016,$77.54 ,Furniture Store,8/17/2016,$127.54 ,$55.62 ,7,2016,56.18032402
7/7/2016,$112.10 ,Furniture Store,8/18/2016,$162.10 ,$126.95 ,7,2016,59.42833312
7/8/2016,$113.84 ,Furniture Store,8/19/2016,$163.84 ,$162.56 ,7,2016,54.94177773
7/9/2016,$108.41 ,Furniture Store,8/20/2016,$158.41 ,$106.13 ,7,2016,51.83843242
7/10/2016,$80.02 ,Furniture Store,8/21/2016,$130.02 ,$77.85 ,7,2016,61.48006894
7/11/2016,$52.62 ,Furniture Store,8/22/2016,$102.62 ,$80.44 ,7,2016,55.95491877
7/12/2016,$35.61 ,Furniture Store,8/23/2016,$85.61 ,$71.36 ,7,2016,44.08973487
7/13/2016,$56.23 ,Furniture Store,8/24/2016,$106.23 ,$57.22 ,7,2016,59.80779296
7/14/2016,$81.36 ,Furniture Store,8/25/2016,$131.36 ,$86.18 ,7,2016,54.53014926
7/15/2016,$92.62 ,Furniture Store,8/26/2016,$142.62 ,$127.48 ,7,2016,61.33554022
7/16/2016,$34.56 ,Furniture Store,8/27/2016,$84.56 ,$64.24 ,7,2016,57.39486885
7/17/2016,$124.92 ,Furniture Store,8/28/2016,$174.92 ,$121.07 ,7,2016,51.24425038
7/18/2016,$66.32 ,Furniture Store,8/29/2016,$116.32 ,$90.85 ,7,2016,49.95769315
7/19/2016,$25.96 ,Furniture Store,8/30/2016,$75.96 ,$56.50 ,7,2016,60.82485029
7/20/2016,$45.77 ,Furniture Store,8/31/2016,$95.77 ,$84.83 ,7,2016,48.14614187
7/21/2016,$58.33 ,Furniture Store,9/1/2016,$108.33 ,$81.45 ,7,2016,42.8756375
7/22/2016,$77.63 ,Furniture Store,9/2/2016,$127.63 ,$88.45 ,7,2016,56.86115078
7/23/2016,$70.26 ,Furniture Store,9/3/2016,$120.26 ,$79.12 ,7,2016,47.35475321
7/24/2016,$118.75 ,Furniture Store,9/4/2016,$168.75 ,$153.91 ,7,2016,49.73269352
7/25/2016,$46.86 ,Furniture Store,9/5/2016,$96.86 ,$76.36 ,7,2016,46.83588677
7/26/2016,$98.58 ,Furniture Store,9/6/2016,$148.58 ,$121.40 ,7,2016,43.96543505
7/27/2016,$61.01 ,Furniture Store,9/7/2016,$111.01 ,$58.82 ,7,2016,60.33207967
7/28/2016,$89.55 ,Furniture Store,9/8/2016,$139.55 ,$54.37 ,7,2016,51.68189648
7/29/2016,$109.53 ,Furniture Store,9/9/2016,$159.53 ,$52.88 ,7,2016,60.39023372
7/30/2016,$85.03 ,Furniture Store,9/10/2016,$135.03 ,$110.03 ,7,2016,43.66816417
7/31/2016,$75.26 ,Furniture Store,9/11/2016,$125.26 ,$72.91 ,7,2016,44.95240159
8/1/2016,$75.90 ,Furniture Store,9/12/2016,$125.90 ,$94.21 ,8,2016,45.65997873
8/2/2016,$54.69 ,Furniture Store,9/13/2016,$104.69 ,$76.25 ,8,2016,45.20072659
8/3/2016,$26.50 ,Furniture Store,9/14/2016,$76.50 ,$75.33 ,8,2016,47.99352999
8/4/2016,$109.74 ,Furniture Store,9/15/2016,$159.74 ,$146.44 ,8,2016,42.49159175
8/5/2016,$94.50 ,Furniture Store,9/16/2016,$144.50 ,$92.51 ,8,2016,59.60519199
8/6/2016,$101.55 ,Furniture Store,9/17/2016,$151.55 ,$87.47 ,8,2016,50.9390971
8/7/2016,$105.51 ,Furniture Store,9/18/2016,$155.51 ,$56.44 ,8,2016,60.83346973
8/8/2016,$52.99 ,Furniture Store,9/19/2016,$102.99 ,$50.19 ,8,2016,43.22304421
8/9/2016,$69.67 ,Furniture Store,9/20/2016,$119.67 ,$66.13 ,8,2016,48.28931668
8/10/2016,$59.91 ,Furniture Store,9/21/2016,$109.91 ,$98.33 ,8,2016,44.29580638
8/11/2016,$80.40 ,Furniture Store,9/22/2016,$130.40 ,$121.66 ,8,2016,46.91305775
8/12/2016,$86.11 ,Furniture Store,9/23/2016,$136.11 ,$98.91 ,8,2016,49.5477895
8/13/2016,$99.13 ,Furniture Store,9/24/2016,$149.13 ,$122.02 ,8,2016,46.58759441
8/14/2016,$114.16 ,Furniture Store,9/25/2016,$164.16 ,$142.69 ,8,2016,61.33000795
8/15/2016,$53.84 ,Furniture Store,9/26/2016,$103.84 ,$54.38 ,8,2016,59.73806766
8/16/2016,$69.97 ,Furniture Store,9/27/2016,$119.97 ,$106.78 ,8,2016,55.41187592
8/17/2016,$73.38 ,Furniture Store,9/28/2016,$123.38 ,$55.15 ,8,2016,61.82419229
8/18/2016,$77.06 ,Furniture Store,9/29/2016,$127.06 ,$102.16 ,8,2016,50.47603491
8/19/2016,$46.52 ,Furniture Store,9/30/2016,$96.52 ,$84.00 ,8,2016,56.39868635
8/20/2016,$29.46 ,Furniture Store,10/1/2016,$79.46 ,$53.97 ,8,2016,54.0746346
8/21/2016,$82.08 ,Furniture Store,10/2/2016,$132.08 ,$75.13 ,8,2016,49.78556103
8/22/2016,$53.12 ,Furniture Store,10/3/2016,$103.12 ,$72.05 ,8,2016,47.23868633
8/23/2016,$30.65 ,Furniture Store,10/4/2016,$80.65 ,$68.65 ,8,2016,55.2451349
8/24/2016,$101.43 ,Furniture Store,10/5/2016,$151.43 ,$113.00 ,8,2016,56.15066109
8/25/2016,$97.10 ,Furniture Store,10/6/2016,$147.10 ,$96.52 ,8,2016,48.24135598
8/26/2016,$33.71 ,Furniture Store,10/7/2016,$83.71 ,$77.96 ,8,2016,58.28078682
8/27/2016,$114.69 ,Furniture Store,10/8/2016,$164.69 ,$66.86 ,8,2016,55.69731499
8/28/2016,$55.80 ,Furniture Store,10/9/2016,$105.80 ,$64.43 ,8,2016,54.76751151
8/29/2016,$61.63 ,Furniture Store,10/10/2016,$111.63 ,$84.89 ,8,2016,42.19255435
8/30/2016,$91.83 ,Furniture Store,10/11/2016,$141.83 ,$71.25 ,8,2016,58.09177804
8/31/2016,$112.50 ,Furniture Store,10/12/2016,$162.50 ,$90.45 ,8,2016,42.69405359
9/1/2016,$64.05 ,Furniture Store,10/13/2016,$114.05 ,$100.70 ,9,2016,56.56267025
9/2/2016,$118.09 ,Furniture Store,10/14/2016,$168.09 ,$66.64 ,9,2016,54.63861391
9/3/2016,$31.28 ,Furniture Store,10/15/2016,$81.28 ,$50.77 ,9,2016,50.07870789
9/4/2016,$111.95 ,Online,10/16/2016,$161.95 ,$150.16 ,9,2016,52.82129339
9/5/2016,$41.16 ,Online,10/17/2016,$91.16 ,$80.88 ,9,2016,44.47248638
9/6/2016,$112.56 ,Online,10/18/2016,$162.56 ,$50.10 ,9,2016,45.01715994
9/7/2016,$28.70 ,Online,10/19/2016,$78.70 ,$59.89 ,9,2016,58.62590544
9/8/2016,$103.20 ,Online,10/20/2016,$153.20 ,$129.45 ,9,2016,46.81758656
9/9/2016,$97.59 ,Online,10/21/2016,$147.59 ,$68.64 ,9,2016,46.09488414
9/10/2016,$61.84 ,Online,10/22/2016,$111.84 ,$64.51 ,9,2016,55.30033442
9/11/2016,$81.97 ,Third Party,10/23/2016,$131.97 ,$71.83 ,9,2016,53.70848197
9/12/2016,$98.67 ,Third Party,10/24/2016,$148.67 ,$60.73 ,9,2016,58.10215704
9/13/2016,$57.44 ,Third Party,10/25/2016,$107.44 ,$70.85 ,9,2016,60.5611518
9/14/2016,$66.15 ,Third Party,10/26/2016,$116.15 ,$53.75 ,9,2016,43.21057663
9/15/2016,$120.84 ,Third Party,10/27/2016,$170.84 ,$160.47 ,9,2016,46.02501597
9/16/2016,$111.44 ,Third Party,10/28/2016,$161.44 ,$115.65 ,9,2016,60.76575664
9/17/2016,$123.92 ,Third Party,10/29/2016,$173.92 ,$136.41 ,9,2016,60.14928111
9/18/2016,$62.89 ,Third Party,10/30/2016,$112.89 ,$83.75 ,9,2016,45.03838062
9/19/2016,$69.22 ,Third Party,10/31/2016,$119.22 ,$57.97 ,9,2016,50.51266157
9/20/2016,$56.79 ,Third Party,11/1/2016,$106.79 ,$102.12 ,9,2016,53.09904944
9/21/2016,$104.81 ,Third Party,11/2/2016,$154.81 ,$121.64 ,9,2016,53.83537969
9/22/2016,$62.38 ,Third Party,11/3/2016,$112.38 ,$109.37 ,9,2016,61.9189935
9/23/2016,$97.44 ,Third Party,11/4/2016,$147.44 ,$102.91 ,9,2016,54.07761845
9/24/2016,$33.33 ,Third Party,11/5/2016,$83.33 ,$51.30 ,9,2016,44.99808123
9/25/2016,$32.81 ,Third Party,11/6/2016,$82.81 ,$78.23 ,9,2016,58.54486958
9/26/2016,$88.55 ,Third Party,11/7/2016,$138.55 ,$98.53 ,9,2016,55.43405896
9/27/2016,$49.49 ,Third Party,11/8/2016,$99.49 ,$72.50 ,9,2016,56.20712121
9/28/2016,$91.02 ,Third Party,11/9/2016,$141.02 ,$98.53 ,9,2016,50.10673302
9/29/2016,$110.10 ,Third Party,11/10/2016,$160.10 ,$152.03 ,9,2016,45.32352322
9/30/2016,$118.88 ,Third Party,11/11/2016,$168.88 ,$61.92 ,9,2016,59.13091268
10/1/2016,$49.05 ,Third Party,11/12/2016,$99.05 ,$50.59 ,10,2016,60.48384857
10/2/2016,$72.47 ,Third Party,11/13/2016,$122.47 ,$117.63 ,10,2016,60.68513454
10/3/2016,$99.33 ,Third Party,11/14/2016,$149.33 ,$112.67 ,10,2016,55.3967476
10/4/2016,$122.26 ,Third Party,11/15/2016,$172.26 ,$117.76 ,10,2016,54.41607419
10/5/2016,$89.60 ,Third Party,11/16/2016,$139.60 ,$51.66 ,10,2016,49.01040554
10/6/2016,$84.15 ,Third Party,11/17/2016,$134.15 ,$103.32 ,10,2016,50.64519361
10/7/2016,$30.27 ,Third Party,11/18/2016,$80.27 ,$78.54 ,10,2016,54.34912146
10/8/2016,$42.20 ,Third Party,11/19/2016,$92.20 ,$81.00 ,10,2016,49.30576463
10/9/2016,$92.07 ,Third Party,11/20/2016,$142.07 ,$89.35 ,10,2016,51.29492475
10/10/2016,$89.37 ,Third Party,11/21/2016,$139.37 ,$76.52 ,10,2016,47.63322218
10/11/2016,$115.25 ,Third Party,11/22/2016,$165.25 ,$79.00 ,10,2016,44.93823573
10/12/2016,$43.98 ,Third Party,11/23/2016,$93.98 ,$71.04 ,10,2016,60.14964042
10/13/2016,$33.43 ,Third Party,11/24/2016,$83.43 ,$67.13 ,10,2016,55.33762385
10/14/2016,$64.33 ,Third Party,11/25/2016,$114.33 ,$74.32 ,10,2016,46.40299076
10/15/2016,$50.39 ,Third Party,11/26/2016,$100.39 ,$78.78 ,10,2016,45.50189779
10/16/2016,$94.81 ,Third Party,11/27/2016,$144.81 ,$105.80 ,10,2016,50.91171588
10/17/2016,$57.08 ,Third Party,11/28/2016,$107.08 ,$94.56 ,10,2016,53.23665283
10/18/2016,$110.59 ,Third Party,11/29/2016,$160.59 ,$110.13 ,10,2016,60.15481562
10/19/2016,$104.41 ,Third Party,11/30/2016,$154.41 ,$64.06 ,10,2016,50.80184165
10/20/2016,$115.80 ,Third Party,12/1/2016,$165.80 ,$155.02 ,10,2016,56.02079736
10/21/2016,$63.17 ,Third Party,12/2/2016,$113.17 ,$50.94 ,10,2016,58.30036595
10/22/2016,$122.19 ,Third Party,12/3/2016,$172.19 ,$116.95 ,10,2016,58.08726251
10/23/2016,$80.83 ,Online,12/4/2016,$130.83 ,$114.36 ,10,2016,52.58389722
10/24/2016,$99.19 ,Online,12/5/2016,$149.19 ,$57.13 ,10,2016,56.31955488
10/25/2016,$93.93 ,Online,12/6/2016,$143.93 ,$102.69 ,10,2016,44.81728796
10/26/2016,$67.25 ,Online,12/7/2016,$117.25 ,$99.32 ,10,2016,43.89333934
10/27/2016,$106.69 ,Online,12/8/2016,$156.69 ,$57.64 ,10,2016,55.47867154
10/28/2016,$25.71 ,Online,12/9/2016,$75.71 ,$70.56 ,10,2016,49.17156216
10/29/2016,$105.44 ,Online,12/10/2016,$155.44 ,$110.35 ,10,2016,50.76207454
10/30/2016,$95.76 ,Online,12/11/2016,$145.76 ,$58.32 ,10,2016,54.11803728
10/31/2016,$122.39 ,Online,12/12/2016,$172.39 ,$84.07 ,10,2016,50.91864191
11/1/2016,$122.50 ,Online,12/13/2016,$172.50 ,$108.46 ,11,2016,55.46823279
11/2/2016,$69.27 ,Online,12/14/2016,$119.27 ,$51.08 ,11,2016,46.84205435
11/3/2016,$85.10 ,Online,12/15/2016,$135.10 ,$56.78 ,11,2016,44.60877019
11/4/2016,$122.30 ,Online,12/16/2016,$172.30 ,$86.15 ,11,2016,57.58480509
11/5/2016,$98.18 ,Online,12/17/2016,$148.18 ,$126.02 ,11,2016,52.63198352
11/6/2016,$86.60 ,Online,12/18/2016,$136.60 ,$62.39 ,11,2016,48.89403547
11/7/2016,$34.71 ,Online,12/19/2016,$84.71 ,$60.82 ,11,2016,43.97100641
11/8/2016,$49.96 ,Online,12/20/2016,$99.96 ,$62.11 ,11,2016,46.93632045
11/9/2016,$48.43 ,Online,12/21/2016,$98.43 ,$92.38 ,11,2016,55.04566054
11/10/2016,$70.72 ,Online,12/22/2016,$120.72 ,$65.28 ,11,2016,54.77091609
11/11/2016,$78.92 ,Online,12/23/2016,$128.92 ,$122.41 ,11,2016,46.47392228
11/12/2016,$57.32 ,Online,12/24/2016,$107.32 ,$60.76 ,11,2016,60.28671212
11/13/2016,$31.38 ,Online,12/25/2016,$81.38 ,$62.97 ,11,2016,47.79718592
11/14/2016,$25.35 ,Online,12/26/2016,$75.35 ,$56.69 ,11,2016,51.20564078
11/15/2016,$25.00 ,Online,12/27/2016,$75.00 ,$58.34 ,11,2016,60.96306719
11/16/2016,$103.61 ,Online,12/28/2016,$153.61 ,$76.22 ,11,2016,49.26459244
11/17/2016,$90.89 ,Online,12/29/2016,$140.89 ,$129.27 ,11,2016,60.91160676
11/18/2016,$112.12 ,Online,12/30/2016,$162.12 ,$102.53 ,11,2016,50.76624833
11/19/2016,$38.81 ,Online,12/31/2016,$88.81 ,$52.03 ,11,2016,52.34506386
11/20/2016,$47.74 ,Online,1/1/2017,$97.74 ,$58.41 ,11,2016,54.2997336
11/21/2016,$123.87 ,Online,1/2/2017,$173.87 ,$53.04 ,11,2016,51.57712654
11/22/2016,$65.95 ,Online,1/3/2017,$115.95 ,$92.66 ,11,2016,59.93659401
11/23/2016,$101.44 ,Online,1/4/2017,$151.44 ,$96.97 ,11,2016,52.99665893
11/24/2016,$97.23 ,Online,1/5/2017,$147.23 ,$72.40 ,11,2016,53.37722183
11/25/2016,$38.32 ,Online,1/6/2017,$88.32 ,$69.06 ,11,2016,47.12056933
11/26/2016,$75.58 ,Online,1/7/2017,$125.58 ,$51.15 ,11,2016,53.62443183
11/27/2016,$49.46 ,Online,1/8/2017,$99.46 ,$73.99 ,11,2016,58.11461513
11/28/2016,$40.22 ,Online,1/9/2017,$90.22 ,$73.11 ,11,2016,59.50787246
11/29/2016,$104.86 ,Online,1/10/2017,$154.86 ,$55.72 ,11,2016,59.5295399
11/30/2016,$86.18 ,Online,1/11/2017,$136.18 ,$127.17 ,11,2016,44.62481
12/1/2016,$31.72 ,Online,1/12/2017,$81.72 ,$69.31 ,12,2016,51.62742066
12/2/2016,$47.99 ,Online,1/13/2017,$97.99 ,$84.59 ,12,2016,48.69731302
12/3/2016,$87.38 ,Online,1/14/2017,$137.38 ,$124.10 ,12,2016,59.16948927
12/4/2016,$73.05 ,Online,1/15/2017,$123.05 ,$58.33 ,12,2016,52.19838718
12/5/2016,$121.01 ,Roadside Pickup,1/16/2017,$171.01 ,$98.75 ,12,2016,47.68648313
12/6/2016,$103.96 ,Roadside Pickup,1/17/2017,$153.96 ,$133.35 ,12,2016,46.65990791
12/7/2016,$118.12 ,Roadside Pickup,1/18/2017,$168.12 ,$74.04 ,12,2016,50.01311149
12/8/2016,$76.25 ,Roadside Pickup,1/19/2017,$126.25 ,$53.40 ,12,2016,49.07762649
12/9/2016,$123.61 ,Roadside Pickup,1/20/2017,$173.61 ,$78.97 ,12,2016,43.76510804
12/10/2016,$27.77 ,Roadside Pickup,1/21/2017,$77.77 ,$61.03 ,12,2016,58.69571202
12/11/2016,$111.13 ,Roadside Pickup,1/22/2017,$161.13 ,$136.73 ,12,2016,57.51573111
12/12/2016,$87.12 ,Roadside Pickup,1/23/2017,$137.12 ,$99.90 ,12,2016,55.14948835
12/13/2016,$57.98 ,Roadside Pickup,1/24/2017,$107.98 ,$100.99 ,12,2016,55.46793162
12/14/2016,$66.53 ,Roadside Pickup,1/25/2017,$116.53 ,$55.08 ,12,2016,48.23183167
12/15/2016,$43.82 ,Roadside Pickup,1/26/2017,$93.82 ,$81.02 ,12,2016,58.37270318
12/16/2016,$101.44 ,Roadside Pickup,1/27/2017,$151.44 ,$147.56 ,12,2016,48.34237377
12/17/2016,$85.69 ,Roadside Pickup,1/28/2017,$135.69 ,$70.36 ,12,2016,57.20571405
12/18/2016,$96.77 ,Roadside Pickup,1/29/2017,$146.77 ,$60.83 ,12,2016,51.17385479
12/19/2016,$49.23 ,Roadside Pickup,1/30/2017,$99.23 ,$89.83 ,12,2016,60.14045813
12/20/2016,$90.23 ,Roadside Pickup,1/31/2017,$140.23 ,$53.04 ,12,2016,48.54327803
12/21/2016,$54.25 ,Roadside Pickup,2/1/2017,$104.25 ,$102.15 ,12,2016,42.48233305
12/22/2016,$74.18 ,Roadside Pickup,2/2/2017,$124.18 ,$96.07 ,12,2016,53.64514536
12/23/2016,$112.22 ,Roadside Pickup,2/3/2017,$162.22 ,$128.79 ,12,2016,50.10787239
12/24/2016,$34.40 ,Roadside Pickup,2/4/2017,$84.40 ,$62.40 ,12,2016,45.41847053
12/25/2016,$45.29 ,Roadside Pickup,2/5/2017,$95.29 ,$93.98 ,12,2016,51.06184664
12/26/2016,$97.07 ,Roadside Pickup,2/6/2017,$147.07 ,$113.51 ,12,2016,61.67626657
12/27/2016,$51.78 ,Roadside Pickup,2/7/2017,$101.78 ,$58.33 ,12,2016,56.18728037
12/28/2016,$83.96 ,Roadside Pickup,2/8/2017,$133.96 ,$53.24 ,12,2016,43.33491302
12/29/2016,$26.82 ,Roadside Pickup,2/9/2017,$76.82 ,$56.69 ,12,2016,58.10863414
12/30/2016,$87.08 ,Roadside Pickup,2/10/2017,$137.08 ,$133.00 ,12,2016,47.02945671
12/31/2016,$113.27 ,Roadside Pickup,2/11/2017,$163.27 ,$113.78 ,12,2016,47.86930479
1/1/2017,$107.73 ,Roadside Pickup,2/12/2017,$157.73 ,$124.60 ,1,2017,54.92654429
1/2/2017,$48.08 ,Roadside Pickup,2/13/2017,$98.08 ,$82.54 ,1,2017,50.80564082
1/3/2017,$99.49 ,Roadside Pickup,2/14/2017,$149.49 ,$81.44 ,1,2017,47.21781496
1/4/2017,$61.04 ,Roadside Pickup,2/15/2017,$111.04 ,$106.29 ,1,2017,42.1298837
1/5/2017,$36.25 ,Roadside Pickup,2/16/2017,$86.25 ,$85.55 ,1,2017,53.96265363
1/6/2017,$27.31 ,Roadside Pickup,2/17/2017,$77.31 ,$63.78 ,1,2017,60.48449502
1/7/2017,$32.69 ,Roadside Pickup,2/18/2017,$82.69 ,$65.14 ,1,2017,54.03964906
1/8/2017,$48.41 ,Roadside Pickup,2/19/2017,$98.41 ,$95.94 ,1,2017,52.40616879
1/9/2017,$71.44 ,Roadside Pickup,2/20/2017,$121.44 ,$72.52 ,1,2017,49.26741714
1/10/2017,$122.92 ,Roadside Pickup,2/21/2017,$172.92 ,$169.20 ,1,2017,45.99227114
1/11/2017,$104.45 ,Roadside Pickup,2/22/2017,$154.45 ,$97.68 ,1,2017,46.5051378
1/12/2017,$88.35 ,Roadside Pickup,2/23/2017,$138.35 ,$110.00 ,1,2017,43.13702823
1/13/2017,$93.17 ,Roadside Pickup,2/24/2017,$143.17 ,$106.35 ,1,2017,59.70652478
1/14/2017,$94.70 ,Roadside Pickup,2/25/2017,$144.70 ,$138.57 ,1,2017,47.29695888
1/15/2017,$87.80 ,Roadside Pickup,2/26/2017,$137.80 ,$71.87 ,1,2017,55.1921388
1/16/2017,$54.10 ,Roadside Pickup,2/27/2017,$104.10 ,$82.54 ,1,2017,60.23877857
1/17/2017,$101.97 ,Roadside Pickup,2/28/2017,$151.97 ,$143.67 ,1,2017,61.50760961
1/18/2017,$57.62 ,Roadside Pickup,3/1/2017,$107.62 ,$93.90 ,1,2017,50.65474497
1/19/2017,$65.98 ,Roadside Pickup,3/2/2017,$115.98 ,$103.73 ,1,2017,48.57518244
1/20/2017,$103.15 ,Roadside Pickup,3/3/2017,$153.15 ,$121.60 ,1,2017,59.87661811
1/21/2017,$60.73 ,Roadside Pickup,3/4/2017,$110.73 ,$78.51 ,1,2017,52.10397136
1/22/2017,$78.47 ,Roadside Pickup,3/5/2017,$128.47 ,$69.25 ,1,2017,55.78829156
1/23/2017,$91.62 ,Roadside Pickup,3/6/2017,$141.62 ,$127.98 ,1,2017,58.95685486
1/24/2017,$49.54 ,Roadside Pickup,3/7/2017,$99.54 ,$54.31 ,1,2017,48.1869259
1/25/2017,$122.85 ,Roadside Pickup,3/8/2017,$172.85 ,$140.59 ,1,2017,47.19073703
1/26/2017,$122.93 ,Roadside Pickup,3/9/2017,$172.93 ,$120.39 ,1,2017,56.39517866
1/27/2017,$124.30 ,Roadside Pickup,3/10/2017,$174.30 ,$161.76 ,1,2017,61.77387995
1/28/2017,$124.19 ,Roadside Pickup,3/11/2017,$174.19 ,$71.12 ,1,2017,53.94007814
1/29/2017,$75.59 ,Roadside Pickup,3/12/2017,$125.59 ,$124.72 ,1,2017,56.89062008
1/30/2017,$54.16 ,Roadside Pickup,3/13/2017,$104.16 ,$74.36 ,1,2017,48.6971354
1/31/2017,$95.54 ,Roadside Pickup,3/14/2017,$145.54 ,$108.32 ,1,2017,49.29390582
2/1/2017,$70.90 ,Roadside Pickup,3/15/2017,$120.90 ,$86.91 ,2,2017,49.06056636
2/2/2017,$44.29 ,Roadside Pickup,3/16/2017,$94.29 ,$71.58 ,2,2017,61.26934987
2/3/2017,$65.33 ,Roadside Pickup,3/17/2017,$115.33 ,$91.73 ,2,2017,52.69276681
2/4/2017,$69.23 ,Roadside Pickup,3/18/2017,$119.23 ,$70.37 ,2,2017,51.10868128
2/5/2017,$74.94 ,Roadside Pickup,3/19/2017,$124.94 ,$110.64 ,2,2017,51.66137339
2/6/2017,$58.41 ,Roadside Pickup,3/20/2017,$108.41 ,$96.12 ,2,2017,56.51624287
2/7/2017,$83.06 ,Roadside Pickup,3/21/2017,$133.06 ,$55.38 ,2,2017,48.93242913
2/8/2017,$32.17 ,Roadside Pickup,3/22/2017,$82.17 ,$50.58 ,2,2017,57.09843945
2/9/2017,$124.32 ,Roadside Pickup,3/23/2017,$174.32 ,$105.46 ,2,2017,61.82660357
2/10/2017,$30.45 ,Roadside Pickup,3/24/2017,$80.45 ,$73.36 ,2,2017,57.68274569
2/11/2017,$46.03 ,Roadside Pickup,3/25/2017,$96.03 ,$83.03 ,2,2017,51.83473105
2/12/2017,$96.52 ,Roadside Pickup,3/26/2017,$146.52 ,$95.94 ,2,2017,57.98781049
2/13/2017,$74.05 ,Roadside Pickup,3/27/2017,$124.05 ,$98.80 ,2,2017,57.41277373
2/14/2017,$119.44 ,Roadside Pickup,3/28/2017,$169.44 ,$146.02 ,2,2017,59.26685725
2/15/2017,$82.41 ,Roadside Pickup,3/29/2017,$132.41 ,$100.79 ,2,2017,46.31346159
2/16/2017,$84.52 ,Roadside Pickup,3/30/2017,$134.52 ,$87.39 ,2,2017,58.89618317
2/17/2017,$51.81 ,Roadside Pickup,3/31/2017,$101.81 ,$78.96 ,2,2017,51.57579224
2/18/2017,$50.93 ,Roadside Pickup,4/1/2017,$100.93 ,$94.23 ,2,2017,56.34003713
2/19/2017,$44.69 ,Roadside Pickup,4/2/2017,$94.69 ,$71.17 ,2,2017,52.63487689
2/20/2017,$77.35 ,Roadside Pickup,4/3/2017,$127.35 ,$61.73 ,2,2017,48.95801115
2/21/2017,$29.83 ,Roadside Pickup,4/4/2017,$79.83 ,$72.59 ,2,2017,55.79693468
2/22/2017,$113.02 ,Roadside Pickup,4/5/2017,$163.02 ,$64.58 ,2,2017,48.77194786
2/23/2017,$29.23 ,Roadside Pickup,4/6/2017,$79.23 ,$60.88 ,2,2017,50.2973504
2/24/2017,$89.94 ,Roadside Pickup,4/7/2017,$139.94 ,$109.92 ,2,2017,46.35710543
2/25/2017,$77.44 ,Roadside Pickup,4/8/2017,$127.44 ,$54.46 ,2,2017,45.18535383
2/26/2017,$28.75 ,Roadside Pickup,4/9/2017,$78.75 ,$63.90 ,2,2017,43.60906604
2/27/2017,$97.37 ,Roadside Pickup,4/10/2017,$147.37 ,$111.78 ,2,2017,43.28253659
2/28/2017,$124.96 ,Roadside Pickup,4/11/2017,$174.96 ,$68.74 ,2,2017,46.6475986
3/1/2017,$34.87 ,Roadside Pickup,4/12/2017,$84.87 ,$63.56 ,3,2017,53.0357117
3/2/2017,$113.86 ,Roadside Pickup,4/13/2017,$163.86 ,$160.37 ,3,2017,60.7735188
3/3/2017,$26.85 ,Roadside Pickup,4/14/2017,$76.85 ,$63.37 ,3,2017,52.90510456
3/4/2017,$36.45 ,Roadside Pickup,4/15/2017,$86.45 ,$55.83 ,3,2017,58.83623909
3/5/2017,$77.23 ,Roadside Pickup,4/16/2017,$127.23 ,$87.15 ,3,2017,59.22027737
3/6/2017,$39.24 ,Roadside Pickup,4/17/2017,$89.24 ,$76.63 ,3,2017,55.39064551
3/7/2017,$61.01 ,Roadside Pickup,4/18/2017,$111.01 ,$101.87 ,3,2017,54.88132642
3/8/2017,$27.43 ,Roadside Pickup,4/19/2017,$77.43 ,$61.15 ,3,2017,61.00414963
3/9/2017,$76.44 ,Roadside Pickup,4/20/2017,$126.44 ,$117.14 ,3,2017,60.39710793
3/10/2017,$31.29 ,Roadside Pickup,4/21/2017,$81.29 ,$65.88 ,3,2017,43.0597827
3/11/2017,$121.70 ,Roadside Pickup,4/22/2017,$171.70 ,$125.28 ,3,2017,44.51392169
3/12/2017,$30.40 ,Roadside Pickup,4/23/2017,$80.40 ,$70.83 ,3,2017,44.69715693
3/13/2017,$99.70 ,Roadside Pickup,4/24/2017,$149.70 ,$117.50 ,3,2017,49.76001487
3/14/2017,$90.23 ,Roadside Pickup,4/25/2017,$140.23 ,$76.94 ,3,2017,56.87862068
3/15/2017,$25.29 ,Roadside Pickup,4/26/2017,$75.29 ,$61.12 ,3,2017,50.91903824
3/16/2017,$75.91 ,Roadside Pickup,4/27/2017,$125.91 ,$53.94 ,3,2017,57.4440549
3/17/2017,$82.54 ,Roadside Pickup,4/28/2017,$132.54 ,$132.53 ,3,2017,50.36268269
3/18/2017,$105.62 ,Roadside Pickup,4/29/2017,$155.62 ,$106.97 ,3,2017,58.49612693
3/19/2017,$107.96 ,Roadside Pickup,4/30/2017,$157.96 ,$142.42 ,3,2017,55.98087528
3/20/2017,$56.71 ,Roadside Pickup,5/1/2017,$106.71 ,$58.46 ,3,2017,52.49116868
3/21/2017,$92.04 ,Roadside Pickup,5/2/2017,$142.04 ,$141.74 ,3,2017,51.05584119
3/22/2017,$38.57 ,Roadside Pickup,5/3/2017,$88.57 ,$58.42 ,3,2017,49.62980439
3/23/2017,$25.29 ,Roadside Pickup,5/4/2017,$75.29 ,$55.78 ,3,2017,61.5040543
3/24/2017,$28.19 ,Roadside Pickup,5/5/2017,$78.19 ,$76.05 ,3,2017,61.96927104
3/25/2017,$100.42 ,Roadside Pickup,5/6/2017,$150.42 ,$88.01 ,3,2017,52.24428057
3/26/2017,$25.57 ,Roadside Pickup,5/7/2017,$75.57 ,$61.23 ,3,2017,59.58060424
3/27/2017,$112.69 ,Roadside Pickup,5/8/2017,$162.69 ,$141.40 ,3,2017,53.51299856
3/28/2017,$115.56 ,Roadside Pickup,5/9/2017,$165.56 ,$95.54 ,3,2017,59.27090879
3/29/2017,$30.72 ,Roadside Pickup,5/10/2017,$80.72 ,$73.53 ,3,2017,61.34061994
3/30/2017,$95.63 ,Roadside Pickup,5/11/2017,$145.63 ,$63.30 ,3,2017,42.72622076
3/31/2017,$107.14 ,Roadside Pickup,5/12/2017,$157.14 ,$68.80 ,3,2017,52.75914307
4/1/2017,$73.25 ,Roadside Pickup,5/13/2017,$123.25 ,$119.46 ,4,2017,49.46696331
4/2/2017,$84.28 ,Roadside Pickup,5/14/2017,$134.28 ,$59.18 ,4,2017,53.25659473
4/3/2017,$61.76 ,Roadside Pickup,5/15/2017,$111.76 ,$94.52 ,4,2017,55.2615517
4/4/2017,$39.87 ,Roadside Pickup,5/16/2017,$89.87 ,$73.75 ,4,2017,59.05844226
4/5/2017,$111.37 ,Roadside Pickup,5/17/2017,$161.37 ,$156.06 ,4,2017,54.89943431
4/6/2017,$52.11 ,Roadside Pickup,5/18/2017,$102.11 ,$55.97 ,4,2017,49.69718666
4/7/2017,$91.97 ,Roadside Pickup,5/19/2017,$141.97 ,$112.71 ,4,2017,60.9554415
4/8/2017,$123.96 ,Roadside Pickup,5/20/2017,$173.96 ,$112.20 ,4,2017,42.29718008
4/9/2017,$94.01 ,Roadside Pickup,5/21/2017,$144.01 ,$119.41 ,4,2017,61.98790858
4/10/2017,$101.63 ,Roadside Pickup,5/22/2017,$151.63 ,$109.91 ,4,2017,54.91650663
4/11/2017,$87.41 ,Roadside Pickup,5/23/2017,$137.41 ,$110.45 ,4,2017,57.02745007
4/12/2017,$118.17 ,Roadside Pickup,5/24/2017,$168.17 ,$115.55 ,4,2017,53.0121932
4/13/2017,$111.45 ,Roadside Pickup,5/25/2017,$161.45 ,$80.94 ,4,2017,57.72106323
4/14/2017,$71.12 ,Roadside Pickup,5/26/2017,$121.12 ,$82.65 ,4,2017,42.22900662
4/15/2017,$35.58 ,Roadside Pickup,5/27/2017,$85.58 ,$55.75 ,4,2017,56.17585578
4/16/2017,$44.97 ,Roadside Pickup,5/28/2017,$94.97 ,$69.99 ,4,2017,47.67150626
4/17/2017,$52.22 ,Roadside Pickup,5/29/2017,$102.22 ,$86.40 ,4,2017,53.61090738
4/18/2017,$83.52 ,Roadside Pickup,5/30/2017,$133.52 ,$118.19 ,4,2017,58.07800705
4/19/2017,$102.85 ,Roadside Pickup,5/31/2017,$152.85 ,$97.60 ,4,2017,45.65057921
4/20/2017,$70.55 ,Roadside Pickup,6/1/2017,$120.55 ,$60.11 ,4,2017,59.34563208
4/21/2017,$116.76 ,Roadside Pickup,6/2/2017,$166.76 ,$140.98 ,4,2017,48.32723303
4/22/2017,$26.85 ,Roadside Pickup,6/3/2017,$76.85 ,$61.51 ,4,2017,53.17571515
4/23/2017,$97.39 ,Roadside Pickup,6/4/2017,$147.39 ,$84.18 ,4,2017,51.20261126
4/24/2017,$32.28 ,Roadside Pickup,6/5/2017,$82.28 ,$68.89 ,4,2017,55.21754277
4/25/2017,$106.27 ,Roadside Pickup,6/6/2017,$156.27 ,$100.05 ,4,2017,60.024156
4/26/2017,$72.24 ,Roadside Pickup,6/7/2017,$122.24 ,$111.61 ,4,2017,61.96977821
4/27/2017,$66.76 ,Roadside Pickup,6/8/2017,$116.76 ,$82.58 ,4,2017,61.4825661
4/28/2017,$59.72 ,Roadside Pickup,6/9/2017,$109.72 ,$53.96 ,4,2017,46.39205056
4/29/2017,$105.17 ,Roadside Pickup,6/10/2017,$155.17 ,$114.46 ,4,2017,57.68432757
4/30/2017,$106.01 ,Roadside Pickup,6/11/2017,$156.01 ,$99.46 ,4,2017,54.5243605
5/1/2017,$116.35 ,Roadside Pickup,6/12/2017,$166.35 ,$93.11 ,5,2017,59.42217858
5/2/2017,$50.53 ,Roadside Pickup,6/13/2017,$100.53 ,$88.62 ,5,2017,54.13890828
5/3/2017,$58.87 ,Roadside Pickup,6/14/2017,$108.87 ,$100.46 ,5,2017,42.58490563
5/4/2017,$107.35 ,Roadside Pickup,6/15/2017,$157.35 ,$99.82 ,5,2017,47.04951477
5/5/2017,$44.73 ,Roadside Pickup,6/16/2017,$94.73 ,$89.07 ,5,2017,59.23278198
5/6/2017,$92.50 ,Roadside Pickup,6/17/2017,$142.50 ,$106.30 ,5,2017,43.65716097
5/7/2017,$96.71 ,Roadside Pickup,6/18/2017,$146.71 ,$58.33 ,5,2017,42.1192136
5/8/2017,$57.96 ,Roadside Pickup,6/19/2017,$107.96 ,$103.11 ,5,2017,49.8621859
5/9/2017,$104.56 ,Roadside Pickup,6/20/2017,$154.56 ,$112.99 ,5,2017,46.94212876
5/10/2017,$26.56 ,Roadside Pickup,6/21/2017,$76.56 ,$76.05 ,5,2017,45.78589052
5/11/2017,$60.58 ,Roadside Pickup,6/22/2017,$110.58 ,$91.46 ,5,2017,55.19412431
5/12/2017,$43.72 ,Roadside Pickup,6/23/2017,$93.72 ,$74.32 ,5,2017,43.72912153
5/13/2017,$60.71 ,Roadside Pickup,6/24/2017,$110.71 ,$87.14 ,5,2017,45.79901584
5/14/2017,$42.39 ,Roadside Pickup,6/25/2017,$92.39 ,$70.16 ,5,2017,57.60954314
5/15/2017,$64.91 ,Roadside Pickup,6/26/2017,$114.91 ,$109.06 ,5,2017,59.68414011
5/16/2017,$71.24 ,Roadside Pickup,6/27/2017,$121.24 ,$114.56 ,5,2017,54.74631299
5/17/2017,$78.55 ,Roadside Pickup,6/28/2017,$128.55 ,$98.53 ,5,2017,57.17530753
5/18/2017,$84.64 ,Roadside Pickup,6/29/2017,$134.64 ,$50.99 ,5,2017,47.48470551
5/19/2017,$30.46 ,Roadside Pickup,6/30/2017,$80.46 ,$58.01 ,5,2017,44.39773665
5/20/2017,$63.96 ,Roadside Pickup,7/1/2017,$113.96 ,$80.29 ,5,2017,55.16005877
5/21/2017,$33.39 ,Roadside Pickup,7/2/2017,$83.39 ,$51.82 ,5,2017,47.02626524
5/22/2017,$78.13 ,Roadside Pickup,7/3/2017,$128.13 ,$85.30 ,5,2017,56.05727526
5/23/2017,$26.37 ,Roadside Pickup,7/4/2017,$76.37 ,$56.49 ,5,2017,48.40447798
5/24/2017,$73.55 ,Roadside Pickup,7/5/2017,$123.55 ,$100.82 ,5,2017,42.25269676
5/25/2017,$123.59 ,Roadside Pickup,7/6/2017,$173.59 ,$140.46 ,5,2017,53.47339975
5/26/2017,$60.41 ,Roadside Pickup,7/7/2017,$110.41 ,$54.55 ,5,2017,48.4321494
5/27/2017,$118.45 ,Roadside Pickup,7/8/2017,$168.45 ,$55.24 ,5,2017,50.44629552
5/28/2017,$86.68 ,Roadside Pickup,7/9/2017,$136.68 ,$52.97 ,5,2017,59.01175834
5/29/2017,$69.18 ,Roadside Pickup,7/10/2017,$119.18 ,$85.05 ,5,2017,61.67996379
5/30/2017,$124.47 ,Roadside Pickup,7/11/2017,$174.47 ,$157.00 ,5,2017,56.00377069
5/31/2017,$30.20 ,Roadside Pickup,7/12/2017,$80.20 ,$59.68 ,5,2017,53.61822236
6/1/2017,$84.67 ,Roadside Pickup,7/13/2017,$134.67 ,$106.76 ,6,2017,58.71807391
6/2/2017,$26.38 ,Roadside Pickup,7/14/2017,$76.38 ,$64.22 ,6,2017,56.68036898
6/3/2017,$33.75 ,Roadside Pickup,7/15/2017,$83.75 ,$60.89 ,6,2017,58.72201433
6/4/2017,$80.28 ,Roadside Pickup,7/16/2017,$130.28 ,$103.94 ,6,2017,59.522197
6/5/2017,$32.34 ,Roadside Pickup,7/17/2017,$82.34 ,$72.84 ,6,2017,42.95392945
6/6/2017,$59.24 ,Roadside Pickup,7/18/2017,$109.24 ,$51.36 ,6,2017,58.14715471
6/7/2017,$86.32 ,Roadside Pickup,7/19/2017,$136.32 ,$113.51 ,6,2017,57.24022576
6/8/2017,$39.32 ,Roadside Pickup,7/20/2017,$89.32 ,$64.62 ,6,2017,58.87559447
6/9/2017,$51.87 ,Roadside Pickup,7/21/2017,$101.87 ,$74.04 ,6,2017,60.47292409
6/10/2017,$39.11 ,Roadside Pickup,7/22/2017,$89.11 ,$84.57 ,6,2017,59.62786165
6/11/2017,$92.13 ,Roadside Pickup,7/23/2017,$142.13 ,$51.27 ,6,2017,47.4614801
6/12/2017,$104.08 ,Roadside Pickup,7/24/2017,$154.08 ,$109.98 ,6,2017,57.23893964
6/13/2017,$65.82 ,Roadside Pickup,7/25/2017,$115.82 ,$60.65 ,6,2017,53.25326506
6/14/2017,$93.77 ,Roadside Pickup,7/26/2017,$143.77 ,$51.89 ,6,2017,45.40791341
6/15/2017,$77.86 ,Roadside Pickup,7/27/2017,$127.86 ,$123.85 ,6,2017,45.23949861
6/16/2017,$59.69 ,Roadside Pickup,7/28/2017,$109.69 ,$106.23 ,6,2017,54.3256114
6/17/2017,$112.60 ,Roadside Pickup,7/29/2017,$162.60 ,$133.18 ,6,2017,56.49818737
6/18/2017,$63.00 ,Roadside Pickup,7/30/2017,$113.00 ,$97.28 ,6,2017,44.87329487
6/19/2017,$93.09 ,Roadside Pickup,7/31/2017,$143.09 ,$60.48 ,6,2017,49.55671952
6/20/2017,$29.76 ,Roadside Pickup,8/1/2017,$79.76 ,$55.05 ,6,2017,59.30706709
6/21/2017,$62.93 ,Roadside Pickup,8/2/2017,$112.93 ,$99.61 ,6,2017,56.18604004
6/22/2017,$49.89 ,Roadside Pickup,8/3/2017,$99.89 ,$99.45 ,6,2017,52.30680939
6/23/2017,$74.98 ,Roadside Pickup,8/4/2017,$124.98 ,$108.49 ,6,2017,50.39867519
6/24/2017,$120.00 ,Roadside Pickup,8/5/2017,$170.00 ,$126.27 ,6,2017,61.59084325
6/25/2017,$30.42 ,Roadside Pickup,8/6/2017,$80.42 ,$77.08 ,6,2017,54.54214131
6/26/2017,$56.27 ,Roadside Pickup,8/7/2017,$106.27 ,$93.95 ,6,2017,44.48032339
6/27/2017,$101.02 ,Roadside Pickup,8/8/2017,$151.02 ,$84.87 ,6,2017,56.75254178
6/28/2017,$115.46 ,Roadside Pickup,8/9/2017,$165.46 ,$151.76 ,6,2017,51.13536797
6/29/2017,$106.12 ,Roadside Pickup,8/10/2017,$156.12 ,$53.75 ,6,2017,47.37878476
6/30/2017,$95.05 ,Roadside Pickup,8/11/2017,$145.05 ,$110.03 ,6,2017,54.08303456
7/1/2017,$100.88 ,Roadside Pickup,8/12/2017,$150.88 ,$103.46 ,7,2017,61.18265245
7/2/2017,$43.97 ,Roadside Pickup,8/13/2017,$93.97 ,$55.59 ,7,2017,46.99449239
7/3/2017,$65.80 ,Roadside Pickup,8/14/2017,$115.80 ,$80.31 ,7,2017,58.22818087
7/4/2017,$121.14 ,Roadside Pickup,8/15/2017,$171.14 ,$152.06 ,7,2017,50.09009685
7/5/2017,$103.12 ,Roadside Pickup,8/16/2017,$153.12 ,$63.58 ,7,2017,56.68360076
7/6/2017,$81.02 ,Roadside Pickup,8/17/2017,$131.02 ,$64.70 ,7,2017,52.31589282
7/7/2017,$92.75 ,Roadside Pickup,8/18/2017,$142.75 ,$93.47 ,7,2017,58.04683755
7/8/2017,$122.02 ,Roadside Pickup,8/19/2017,$172.02 ,$62.20 ,7,2017,49.66609242
7/9/2017,$107.35 ,Roadside Pickup,8/20/2017,$157.35 ,$107.91 ,7,2017,48.54546847
7/10/2017,$47.74 ,Roadside Pickup,8/21/2017,$97.74 ,$92.66 ,7,2017,50.03622379
7/11/2017,$64.33 ,Roadside Pickup,8/22/2017,$114.33 ,$75.68 ,7,2017,53.97206444
7/12/2017,$98.87 ,Roadside Pickup,8/23/2017,$148.87 ,$69.26 ,7,2017,55.2626813
7/13/2017,$74.56 ,Roadside Pickup,8/24/2017,$124.56 ,$72.03 ,7,2017,54.06800012
7/14/2017,$48.02 ,Roadside Pickup,8/25/2017,$98.02 ,$55.82 ,7,2017,52.35721648
7/15/2017,$91.63 ,Roadside Pickup,8/26/2017,$141.63 ,$50.36 ,7,2017,55.57930179
7/16/2017,$53.71 ,Roadside Pickup,8/27/2017,$103.71 ,$99.70 ,7,2017,49.77248251
7/17/2017,$63.91 ,Roadside Pickup,8/28/2017,$113.91 ,$62.39 ,7,2017,59.95225416
7/18/2017,$33.83 ,Roadside Pickup,8/29/2017,$83.83 ,$61.94 ,7,2017,48.82360172
7/19/2017,$29.51 ,Roadside Pickup,8/30/2017,$79.51 ,$71.13 ,7,2017,49.66152309
7/20/2017,$53.18 ,Roadside Pickup,8/31/2017,$103.18 ,$57.10 ,7,2017,54.26700717
7/21/2017,$84.24 ,Roadside Pickup,9/1/2017,$134.24 ,$82.15 ,7,2017,46.10771637
7/22/2017,$112.26 ,Roadside Pickup,9/2/2017,$162.26 ,$124.65 ,7,2017,57.66775026
7/23/2017,$81.49 ,Roadside Pickup,9/3/2017,$131.49 ,$113.01 ,7,2017,53.01368887
7/24/2017,$48.32 ,Roadside Pickup,9/4/2017,$98.32 ,$76.86 ,7,2017,61.0582274
7/25/2017,$61.26 ,Roadside Pickup,9/5/2017,$111.26 ,$70.98 ,7,2017,48.49076672
7/26/2017,$118.87 ,Roadside Pickup,9/6/2017,$168.87 ,$57.67 ,7,2017,51.47870752
7/27/2017,$95.29 ,Roadside Pickup,9/7/2017,$145.29 ,$113.33 ,7,2017,58.59081218
7/28/2017,$42.90 ,Roadside Pickup,9/8/2017,$92.90 ,$62.72 ,7,2017,52.35442378
7/29/2017,$84.74 ,Roadside Pickup,9/9/2017,$134.74 ,$68.31 ,7,2017,60.8264647
7/30/2017,$63.68 ,Roadside Pickup,9/10/2017,$113.68 ,$105.83 ,7,2017,51.81395098
7/31/2017,$36.96 ,Roadside Pickup,9/11/2017,$86.96 ,$79.59 ,7,2017,61.40550206
8/1/2017,$34.96 ,Roadside Pickup,9/12/2017,$84.96 ,$65.57 ,8,2017,61.10576018
8/2/2017,$26.90 ,Roadside Pickup,9/13/2017,$76.90 ,$75.19 ,8,2017,57.38640622
8/3/2017,$35.74 ,Roadside Pickup,9/14/2017,$85.74 ,$59.03 ,8,2017,55.33337214
8/4/2017,$69.27 ,Roadside Pickup,9/15/2017,$119.27 ,$69.27 ,8,2017,45.40594574
8/5/2017,$83.31 ,Roadside Pickup,9/16/2017,$133.31 ,$109.21 ,8,2017,61.88123702
8/6/2017,$111.59 ,Roadside Pickup,9/17/2017,$161.59 ,$148.58 ,8,2017,47.76188797
8/7/2017,$95.75 ,Roadside Pickup,9/18/2017,$145.75 ,$124.98 ,8,2017,49.53052344
8/8/2017,$76.15 ,Roadside Pickup,9/19/2017,$126.15 ,$57.12 ,8,2017,49.46359744
8/9/2017,$40.74 ,Roadside Pickup,9/20/2017,$90.74 ,$53.17 ,8,2017,57.3952925
8/10/2017,$85.54 ,Roadside Pickup,9/21/2017,$135.54 ,$71.67 ,8,2017,56.88247645
8/11/2017,$51.97 ,Roadside Pickup,9/22/2017,$101.97 ,$95.76 ,8,2017,45.37351215
8/12/2017,$54.03 ,Roadside Pickup,9/23/2017,$104.03 ,$55.16 ,8,2017,48.66966427
8/13/2017,$64.06 ,Roadside Pickup,9/24/2017,$114.06 ,$95.52 ,8,2017,42.36785169
8/14/2017,$33.60 ,Roadside Pickup,9/25/2017,$83.60 ,$73.72 ,8,2017,43.880431
8/15/2017,$94.97 ,Roadside Pickup,9/26/2017,$144.97 ,$65.57 ,8,2017,50.82833326
8/16/2017,$32.99 ,Roadside Pickup,9/27/2017,$82.99 ,$60.93 ,8,2017,59.552772
8/17/2017,$79.25 ,Roadside Pickup,9/28/2017,$129.25 ,$102.88 ,8,2017,44.2053867
8/18/2017,$112.53 ,Roadside Pickup,9/29/2017,$162.53 ,$157.38 ,8,2017,50.72348471
8/19/2017,$41.90 ,Roadside Pickup,9/30/2017,$91.90 ,$75.45 ,8,2017,61.30967145
8/20/2017,$55.81 ,Roadside Pickup,10/1/2017,$105.81 ,$62.60 ,8,2017,45.31196837
8/21/2017,$70.67 ,Roadside Pickup,10/2/2017,$120.67 ,$82.68 ,8,2017,54.32043115
8/22/2017,$78.95 ,Roadside Pickup,10/3/2017,$128.95 ,$72.74 ,8,2017,42.25648799
8/23/2017,$74.87 ,Roadside Pickup,10/4/2017,$124.87 ,$102.52 ,8,2017,47.85740841
8/24/2017,$33.93 ,Roadside Pickup,10/5/2017,$83.93 ,$76.39 ,8,2017,57.51974033
8/25/2017,$90.93 ,Roadside Pickup,10/6/2017,$140.93 ,$55.13 ,8,2017,49.37535222
8/26/2017,$43.47 ,Roadside Pickup,10/7/2017,$93.47 ,$55.48 ,8,2017,42.50375506
8/27/2017,$44.26 ,Roadside Pickup,10/8/2017,$94.26 ,$53.20 ,8,2017,48.91465915
8/28/2017,$80.03 ,Roadside Pickup,10/9/2017,$130.03 ,$61.22 ,8,2017,61.63974536
8/29/2017,$99.60 ,Roadside Pickup,10/10/2017,$149.60 ,$79.57 ,8,2017,46.94624961
8/30/2017,$68.33 ,Roadside Pickup,10/11/2017,$118.33 ,$58.39 ,8,2017,47.43625138
8/31/2017,$36.85 ,Roadside Pickup,10/12/2017,$86.85 ,$51.36 ,8,2017,54.86781338
9/1/2017,$56.30 ,Roadside Pickup,10/13/2017,$106.30 ,$65.39 ,9,2017,56.48102799
9/2/2017,$45.64 ,Roadside Pickup,10/14/2017,$95.64 ,$69.80 ,9,2017,46.44312473
9/3/2017,$92.01 ,Roadside Pickup,10/15/2017,$142.01 ,$107.46 ,9,2017,59.2626053
9/4/2017,$86.81 ,Roadside Pickup,10/16/2017,$136.81 ,$73.99 ,9,2017,48.88548845
9/5/2017,$31.91 ,Roadside Pickup,10/17/2017,$81.91 ,$52.00 ,9,2017,42.25276133
9/6/2017,$103.00 ,Roadside Pickup,10/18/2017,$153.00 ,$57.00 ,9,2017,59.14966303
9/7/2017,$31.66 ,Roadside Pickup,10/19/2017,$81.66 ,$63.38 ,9,2017,60.71194773
9/8/2017,$104.62 ,Roadside Pickup,10/20/2017,$154.62 ,$99.99 ,9,2017,50.71209553
9/9/2017,$47.74 ,Roadside Pickup,10/21/2017,$97.74 ,$93.26 ,9,2017,47.9189586
9/10/2017,$38.87 ,Roadside Pickup,10/22/2017,$88.87 ,$64.70 ,9,2017,56.18757822
9/11/2017,$32.78 ,Roadside Pickup,10/23/2017,$82.78 ,$58.91 ,9,2017,44.99140929
9/12/2017,$64.93 ,Roadside Pickup,10/24/2017,$114.93 ,$70.20 ,9,2017,45.47953861
9/13/2017,$90.97 ,Roadside Pickup,10/25/2017,$140.97 ,$109.04 ,9,2017,60.07693172
9/14/2017,$55.70 ,Roadside Pickup,10/26/2017,$105.70 ,$102.25 ,9,2017,61.00989636
9/15/2017,$28.83 ,Roadside Pickup,10/27/2017,$78.83 ,$55.21 ,9,2017,49.99286608
9/16/2017,$55.80 ,Roadside Pickup,10/28/2017,$105.80 ,$78.67 ,9,2017,52.76969391
9/17/2017,$96.02 ,Roadside Pickup,10/29/2017,$146.02 ,$97.91 ,9,2017,57.33728709
9/18/2017,$43.72 ,Roadside Pickup,10/30/2017,$93.72 ,$72.06 ,9,2017,44.63080409
9/19/2017,$51.24 ,Roadside Pickup,10/31/2017,$101.24 ,$54.30 ,9,2017,55.83375436
9/20/2017,$63.21 ,Roadside Pickup,11/1/2017,$113.21 ,$50.76 ,9,2017,57.89310646
9/21/2017,$28.19 ,Roadside Pickup,11/2/2017,$78.19 ,$72.42 ,9,2017,52.6025928
9/22/2017,$65.59 ,Roadside Pickup,11/3/2017,$115.59 ,$104.03 ,9,2017,61.23386569
9/23/2017,$35.07 ,Roadside Pickup,11/4/2017,$85.07 ,$78.22 ,9,2017,50.75136798
9/24/2017,$76.96 ,Roadside Pickup,11/5/2017,$126.96 ,$112.51 ,9,2017,59.65731166
9/25/2017,$28.77 ,Roadside Pickup,11/6/2017,$78.77 ,$54.71 ,9,2017,59.36979163
9/26/2017,$92.70 ,Roadside Pickup,11/7/2017,$142.70 ,$52.42 ,9,2017,45.62245586
9/27/2017,$61.53 ,Roadside Pickup,11/8/2017,$111.53 ,$75.79 ,9,2017,58.19026966
9/28/2017,$96.55 ,Roadside Pickup,11/9/2017,$146.55 ,$50.68 ,9,2017,44.51753331
9/29/2017,$26.26 ,Roadside Pickup,11/10/2017,$76.26 ,$73.42 ,9,2017,57.88664146
9/30/2017,$58.13 ,Roadside Pickup,11/11/2017,$108.13 ,$54.57 ,9,2017,49.71920155
10/1/2017,$124.05 ,Roadside Pickup,11/12/2017,$174.05 ,$128.47 ,10,2017,50.32690251
10/2/2017,$53.00 ,Roadside Pickup,11/13/2017,$103.00 ,$92.33 ,10,2017,47.33069516
10/3/2017,$49.07 ,Roadside Pickup,11/14/2017,$99.07 ,$85.40 ,10,2017,61.56017126
10/4/2017,$42.58 ,Roadside Pickup,11/15/2017,$92.58 ,$80.27 ,10,2017,57.83148462
10/5/2017,$43.52 ,Roadside Pickup,11/16/2017,$93.52 ,$60.74 ,10,2017,51.12787133
10/6/2017,$62.10 ,Roadside Pickup,11/17/2017,$112.10 ,$50.91 ,10,2017,48.06970585
10/7/2017,$117.65 ,Roadside Pickup,11/18/2017,$167.65 ,$59.83 ,10,2017,55.06772991
10/8/2017,$25.79 ,Roadside Pickup,11/19/2017,$75.79 ,$75.21 ,10,2017,58.38686204
10/9/2017,$96.44 ,Roadside Pickup,11/20/2017,$146.44 ,$143.53 ,10,2017,48.87196977
10/10/2017,$94.34 ,Roadside Pickup,11/21/2017,$144.34 ,$133.70 ,10,2017,59.11480657
10/11/2017,$31.12 ,Roadside Pickup,11/22/2017,$81.12 ,$58.12 ,10,2017,43.29762827
10/12/2017,$118.97 ,Roadside Pickup,11/23/2017,$168.97 ,$120.54 ,10,2017,45.57306253
10/13/2017,$63.22 ,Roadside Pickup,11/24/2017,$113.22 ,$79.27 ,10,2017,61.17862726
10/14/2017,$37.60 ,Roadside Pickup,11/25/2017,$87.60 ,$56.61 ,10,2017,55.3899175
10/15/2017,$39.59 ,Roadside Pickup,11/26/2017,$89.59 ,$66.31 ,10,2017,48.22837586
10/16/2017,$84.94 ,Roadside Pickup,11/27/2017,$134.94 ,$122.59 ,10,2017,61.42533546
10/17/2017,$40.89 ,Roadside Pickup,11/28/2017,$90.89 ,$76.11 ,10,2017,61.72423239
10/18/2017,$93.45 ,Roadside Pickup,11/29/2017,$143.45 ,$81.04 ,10,2017,56.66589488
10/19/2017,$114.09 ,Roadside Pickup,11/30/2017,$164.09 ,$100.43 ,10,2017,61.94826194
10/20/2017,$122.89 ,Roadside Pickup,12/1/2017,$172.89 ,$118.35 ,10,2017,47.96172645
10/21/2017,$53.80 ,Roadside Pickup,12/2/2017,$103.80 ,$74.10 ,10,2017,60.79189836
10/22/2017,$30.60 ,Roadside Pickup,12/3/2017,$80.60 ,$63.60 ,10,2017,52.64503224
10/23/2017,$57.04 ,Roadside Pickup,12/4/2017,$107.04 ,$72.32 ,10,2017,47.59683117
10/24/2017,$114.69 ,Roadside Pickup,12/5/2017,$164.69 ,$118.02 ,10,2017,53.350516
10/25/2017,$28.67 ,Roadside Pickup,12/6/2017,$78.67 ,$71.36 ,10,2017,49.89392959
10/26/2017,$61.83 ,Roadside Pickup,12/7/2017,$111.83 ,$109.32 ,10,2017,58.07167207
10/27/2017,$102.42 ,Roadside Pickup,12/8/2017,$152.42 ,$114.67 ,10,2017,43.54570479
10/28/2017,$47.75 ,Roadside Pickup,12/9/2017,$97.75 ,$86.29 ,10,2017,58.84856097
10/29/2017,$61.43 ,Roadside Pickup,12/10/2017,$111.43 ,$96.33 ,10,2017,53.11321584
10/30/2017,$66.89 ,Roadside Pickup,12/11/2017,$116.89 ,$74.36 ,10,2017,54.57822278
10/31/2017,$69.90 ,Roadside Pickup,12/12/2017,$119.90 ,$94.13 ,10,2017,56.04435321
11/1/2017,$78.48 ,Roadside Pickup,12/13/2017,$128.48 ,$98.99 ,11,2017,60.69499162
11/2/2017,$28.49 ,Roadside Pickup,12/14/2017,$78.49 ,$75.14 ,11,2017,47.68014714
11/3/2017,$59.61 ,Roadside Pickup,12/15/2017,$109.61 ,$86.75 ,11,2017,53.57741669
11/4/2017,$119.13 ,Roadside Pickup,12/16/2017,$169.13 ,$161.84 ,11,2017,44.10659386
11/5/2017,$52.77 ,Roadside Pickup,12/17/2017,$102.77 ,$95.80 ,11,2017,46.58410487
11/6/2017,$111.05 ,Roadside Pickup,12/18/2017,$161.05 ,$70.34 ,11,2017,52.3230221
11/7/2017,$92.28 ,Roadside Pickup,12/19/2017,$142.28 ,$122.71 ,11,2017,53.40368193
11/8/2017,$55.91 ,Roadside Pickup,12/20/2017,$105.91 ,$104.02 ,11,2017,42.21393061
11/9/2017,$51.40 ,Roadside Pickup,12/21/2017,$101.40 ,$56.75 ,11,2017,48.57042438
11/10/2017,$113.35 ,Roadside Pickup,12/22/2017,$163.35 ,$145.23 ,11,2017,49.06153131
11/11/2017,$97.21 ,Roadside Pickup,12/23/2017,$147.21 ,$123.04 ,11,2017,49.63104808
11/12/2017,$121.16 ,Roadside Pickup,12/24/2017,$171.16 ,$64.80 ,11,2017,55.16686653
11/13/2017,$122.02 ,Roadside Pickup,12/25/2017,$172.02 ,$134.00 ,11,2017,57.00356831
11/14/2017,$60.06 ,Roadside Pickup,12/26/2017,$110.06 ,$65.62 ,11,2017,56.39073497
11/15/2017,$25.22 ,Roadside Pickup,12/27/2017,$75.22 ,$63.98 ,11,2017,55.65733977
11/16/2017,$91.84 ,Roadside Pickup,12/28/2017,$141.84 ,$82.29 ,11,2017,42.97224501
11/17/2017,$119.10 ,Roadside Pickup,12/29/2017,$169.10 ,$87.87 ,11,2017,55.5226789
11/18/2017,$48.37 ,Roadside Pickup,12/30/2017,$98.37 ,$65.23 ,11,2017,54.86215595
11/19/2017,$104.74 ,Roadside Pickup,12/31/2017,$154.74 ,$115.06 ,11,2017,49.3366023
11/20/2017,$32.77 ,Roadside Pickup,1/1/2018,$82.77 ,$61.91 ,11,2017,57.49333076
11/21/2017,$86.11 ,Roadside Pickup,1/2/2018,$136.11 ,$68.74 ,11,2017,43.60641417
11/22/2017,$30.79 ,Roadside Pickup,1/3/2018,$80.79 ,$51.36 ,11,2017,49.70858751
11/23/2017,$124.05 ,Roadside Pickup,1/4/2018,$174.05 ,$98.45 ,11,2017,47.95988146
11/24/2017,$104.37 ,Roadside Pickup,1/5/2018,$154.37 ,$95.39 ,11,2017,60.74242308
11/25/2017,$103.94 ,Roadside Pickup,1/6/2018,$153.94 ,$90.62 ,11,2017,53.03427647
11/26/2017,$115.08 ,Roadside Pickup,1/7/2018,$165.08 ,$146.09 ,11,2017,43.37962268
11/27/2017,$114.76 ,Roadside Pickup,1/8/2018,$164.76 ,$128.68 ,11,2017,56.83029773
11/28/2017,$84.32 ,Online,1/9/2018,$134.32 ,$90.05 ,11,2017,42.51622644
11/29/2017,$36.01 ,Online,1/10/2018,$86.01 ,$71.52 ,11,2017,61.52633353
11/30/2017,$99.88 ,Online,1/11/2018,$149.88 ,$97.61 ,11,2017,48.31721243
12/1/2017,$100.45 ,Online,1/12/2018,$150.45 ,$143.57 ,12,2017,51.64363932
12/2/2017,$33.92 ,Online,1/13/2018,$83.92 ,$80.68 ,12,2017,55.20260221
12/3/2017,$36.19 ,Online,1/14/2018,$86.19 ,$83.14 ,12,2017,49.93114774
12/4/2017,$115.35 ,Online,1/15/2018,$165.35 ,$154.01 ,12,2017,42.09442436
12/5/2017,$69.84 ,Online,1/16/2018,$119.84 ,$97.92 ,12,2017,57.72543179
12/6/2017,$84.58 ,Online,1/17/2018,$134.58 ,$50.16 ,12,2017,44.32918961
12/7/2017,$25.52 ,Online,1/18/2018,$75.52 ,$50.70 ,12,2017,45.50414178
12/8/2017,$99.06 ,Online,1/19/2018,$149.06 ,$140.93 ,12,2017,44.47990699
12/9/2017,$102.84 ,Online,1/20/2018,$152.84 ,$133.36 ,12,2017,43.16838641
12/10/2017,$59.88 ,Online,1/21/2018,$109.88 ,$83.19 ,12,2017,47.43043005
12/11/2017,$28.33 ,Online,1/22/2018,$78.33 ,$52.32 ,12,2017,44.88060243
12/12/2017,$66.81 ,Online,1/23/2018,$116.81 ,$77.83 ,12,2017,43.13333434
12/13/2017,$100.05 ,Online,1/24/2018,$150.05 ,$113.00 ,12,2017,59.29516317
12/14/2017,$82.00 ,Online,1/25/2018,$132.00 ,$100.55 ,12,2017,43.40590314
12/15/2017,$35.84 ,Online,1/26/2018,$85.84 ,$71.54 ,12,2017,56.54588653
12/16/2017,$92.04 ,Online,1/27/2018,$142.04 ,$99.92 ,12,2017,48.81375927
12/17/2017,$48.42 ,Online,1/28/2018,$98.42 ,$78.73 ,12,2017,45.86252784
12/18/2017,$65.89 ,Online,1/29/2018,$115.89 ,$84.40 ,12,2017,58.2514519
12/19/2017,$27.84 ,Online,1/30/2018,$77.84 ,$58.73 ,12,2017,44.25657485
